Address,Area,City,Class,Keyword1,Keyword2,Keyword3,StatusID,SystemPrice,Type,Zip,_DisplayId,_ID,display_id,int2_3,Category
313 Junco Circle,10A Conway to Myrtle Beach Area--between 90 & waterway Redhill/Grande Dunes,Longs,RESIDENTIAL,3,2,0,WITHDRAWN,0,Detached,29568,2607443,2607443:0,2607443,$75,WITHDRAWN
414 13th Ave. N,29A Surfside Beach--East of 17 & north of Surfside Drive,Surfside Beach,LAND,,,,WITHDRAWN,0,Residential Lot,29575,2416088,2416088:0,2416088,,WITHDRAWN
9530 Shore Dr.,16B Myrtle Beach Area--Arcadian,Myrtle Beach,CONDO/TOWNHOUSE,2,2,0,WITHDRAWN,0,Condo,29572,2501724,2501724:0,2501724,$0,WITHDRAWN
77 Ballyhoo St.,45B Pawleys Island Area-Pawleys Plantation S & DeBordieu,Georgetown,RESIDENTIAL,5,5,1,WITHDRAWN,0,Detached,29440,1016822,1016822:0,1016822,,WITHDRAWN
312  N Wall St.,31B North Carolina,Tabor City,RESIDENTIAL,2,1,0,WITHDRAWN,0,Detached,28463,1014742,1014742:0,1014742,,WITHDRAWN
490  N Highway 17 North,04B Little River Area--North of Hwy 9,Little River,LAND,,,,WITHDRAWN,0,Commercial Lot - Lease,29566,912442,912442:0,912442,,WITHDRAWN
216 Labonte St.,10A Conway to Myrtle Beach Area--between 90 & waterway Redhill/Grande Dunes,Conway,COMMERCIAL/INDUSTRIAL,,,,WITHDRAWN,0,Retail,29526,909413,909413:0,909413,,WITHDRAWN
1833 Lone Star St.,10A Conway to Myrtle Beach Area--between 90 & waterway Redhill/Grande Dunes,Conway,COMMERCIAL/INDUSTRIAL,,,,WITHDRAWN,0,Retail,29526,909410,909410:0,909410,,WITHDRAWN
225 Labonte St.,10A Conway to Myrtle Beach Area--between 90 & waterway Redhill/Grande Dunes,Conway,COMMERCIAL/INDUSTRIAL,,,,WITHDRAWN,1,Industrial,29526,1421363,1421363:0,1421363,,WITHDRAWN
1900 N Highway 501,10B Myrtle Beach Area--Carolina Forest,Myrtle Beach,LAND,,,,WITHDRAWN,1,Commercial Lot - Sale,29577,1722324,1722324:0,1722324,,WITHDRAWN
2875 E Highway 501 E,10B Myrtle Beach Area--Carolina Forest,Conway,LAND,,,,WITHDRAWN,1,Commercial Lot - Sale,29526,1722326,1722326:0,1722326,,WITHDRAWN
123 Test St.,40A Murrells Inlet - Georgetown County,Andrews,RENTAL,1,1,1,WITHDRAWN,1,Detached,29510,1211259,1211259:0,1211259,,WITHDRAWN
1094 Springview Rd.,31A Other counties in South Carolina,Jamestown,RESIDENTIAL,2,1,0,WITHDRAWN,1,Detached,29453,2316264,2316264:0,2316264,$0,WITHDRAWN
3731 Oleander Dr.,16E Myrtle Beach Area--29th Ave N to 48th Ave N,Myrtle Beach,COMMERCIAL/INDUSTRIAL,,,,WITHDRAWN,1,Retail,29577,2010779,2010779:0,2010779,,WITHDRAWN
3701 Forestbrook Rd.,10B Myrtle Beach Area--Carolina Forest,Myrtle Beach,COMMERCIAL/INDUSTRIAL,,,,WITHDRAWN,5,Industrial,29588,1313908,1313908:0,1313908,,WITHDRAWN
460-C Century Circle,10A Conway to Myrtle Beach Area--between 90 & waterway Redhill/Grande Dunes,Conway,COMMERCIAL/INDUSTRIAL,,,,WITHDRAWN,6,Commercial - Do Not Use,29526,922397,922397:0,922397,,WITHDRAWN
454-A Century Circle,10A Conway to Myrtle Beach Area--between 90 & waterway Redhill/Grande Dunes,Conway,COMMERCIAL/INDUSTRIAL,,,,WITHDRAWN,6,Commercial - Do Not Use,29526,922394,922394:0,922394,,WITHDRAWN
2311  S Kings Hwy.,16G Myrtle Beach Area--Southern Limit to 10TH Ave N,Myrtle Beach,COMMERCIAL/INDUSTRIAL,,,,WITHDRAWN,6,Office,29578,916731,916731:0,916731,,WITHDRAWN
279 S Highway 57 N,04A Little River Area--South of Hwy 9,Little River,COMMERCIAL/INDUSTRIAL,,,,WITHDRAWN,6,Commercial - Do Not Use,29566,904548,904548:0,904548,,WITHDRAWN
x Century Circle,10A Conway to Myrtle Beach Area--between 90 & waterway Redhill/Grande Dunes,Conway,COMMERCIAL/INDUSTRIAL,,,,WITHDRAWN,7,Industrial,29526,800776,800776:0,800776,,WITHDRAWN
981 Fox Hollow Rd.,24A Myrtle Beach Area--south of 501 between West Ferry & Burcale,Conway,COMMERCIAL/INDUSTRIAL,,,,WITHDRAWN,8,Industrial,29526,1006480,1006480:0,1006480,,WITHDRAWN
4720 Northgate Blvd.,19A Myrtle Beach Area--Socastee,Myrtle Beach,COMMERCIAL/INDUSTRIAL,,,,WITHDRAWN,8,Office,29588,1117468,1117468:0,1117468,,WITHDRAWN
6319 Highway 90,10A Conway to Myrtle Beach Area--between 90 & waterway Redhill/Grande Dunes,Conway,COMMERCIAL/INDUSTRIAL,,,,WITHDRAWN,8,Industrial,29526,1921334,1921334:0,1921334,,WITHDRAWN
710 Highway 17 North,11E North Myrtle Beach Area--Windy Hill,North Myrtle Beach,COMMERCIAL/INDUSTRIAL,,,,WITHDRAWN,8,Retail,29582,1713648,1713648:0,1713648,,WITHDRAWN
710 Highway 17 North,11E North Myrtle Beach Area--Windy Hill,North Myrtle Beach,COMMERCIAL/INDUSTRIAL,,,,WITHDRAWN,8,Retail,29582,1912292,1912292:0,1912292,,WITHDRAWN
160 Rodeo Dr.,24A Myrtle Beach Area--south of 501 between West Ferry & Burcale,Myrtle Beach,COMMERCIAL/INDUSTRIAL,,,,WITHDRAWN,8,Commercial - Do Not Use,29579,1502941,1502941:0,1502941,,WITHDRAWN
14361 Ocean Hwy.,42A Pawleys Island Area-Litchfield Mainland,Pawleys Island,COMMERCIAL/INDUSTRIAL,,,,WITHDRAWN,9,Retail,29585,1114533,1114533:0,1114533,,WITHDRAWN
277 Willbrook Blvd.,42A Pawleys Island Area-Litchfield Mainland,Pawleys Island,COMMERCIAL/INDUSTRIAL,,,,WITHDRAWN,9,Commercial - Do Not Use,29585,1300805,1300805:0,1300805,,WITHDRAWN
1607 9th Ave. N,21D Conway central between 501& 9th Ave / south of 501,Conway,COMMERCIAL/INDUSTRIAL,,,,WITHDRAWN,9,Office,29526,1115507,1115507:0,1115507,,WITHDRAWN
440 Pinnacle Pl.,04B Little River Area--North of Hwy 9,Little River,COMMERCIAL/INDUSTRIAL,,,,WITHDRAWN,9,Retail,29566,922859,922859:0,922859,,WITHDRAWN
10607 Highway 707,26A Myrtle Beach Area--south of 544 & west of 17 bypass M.I. Horry County,Myrtle Beach,COMMERCIAL/INDUSTRIAL,,,,WITHDRAWN,10,Office,29588,817085,817085:0,817085,,WITHDRAWN
545 Black River Rd.,46A Georgetown Area--includes city of Georgetown,Georgetown,COMMERCIAL/INDUSTRIAL,,,,WITHDRAWN,10,Office,29440,1113921,1113921:0,1113921,,WITHDRAWN
700 Century Circle,10B Myrtle Beach Area--Carolina Forest,Conway,COMMERCIAL/INDUSTRIAL,,,,WITHDRAWN,10,Industrial,29526,2127345,2127345:0,2127345,,WITHDRAWN
11665 Highway 707,27B Murrells Inlet - Horry County,Murrells Inlet,COMMERCIAL/INDUSTRIAL,,,,WITHDRAWN,10,Commercial - Do Not Use,29576,1115385,1115385:0,1115385,,WITHDRAWN
12066 Highway 17 Bypass,27B Murrells Inlet - Horry County,Murrells Inlet,COMMERCIAL/INDUSTRIAL,,,,WITHDRAWN,10,Office,29576,2007267,2007267:0,2007267,,WITHDRAWN
2905 N Kings Hwy.,16E Myrtle Beach Area--29th Ave N to 48th Ave N,Myrtle Beach,COMMERCIAL/INDUSTRIAL,,,,WITHDRAWN,10,Retail,29577,1501911,1501911:0,1501911,,WITHDRAWN
951 Mr. Joe White Ave.,16F Myrtle Beach Area--10th Ave N to 29th Ave N,Myrtle Beach,COMMERCIAL/INDUSTRIAL,,,,WITHDRAWN,10,Office,29577,2201779,2201779:0,2201779,,WITHDRAWN
1214 Port Dr.,24A Myrtle Beach Area--south of 501 between West Ferry & Burcale,Myrtle Beach,COMMERCIAL/INDUSTRIAL,,,,WITHDRAWN,10,Retail,29577,1305595,1305595:0,1305595,,WITHDRAWN
1331 44th Ave. N,16E Myrtle Beach Area--29th Ave N to 48th Ave N,Myrtle Beach,COMMERCIAL/INDUSTRIAL,,,,WITHDRAWN,10,Office,29577,912673,912673:0,912673,,WITHDRAWN
1331 44th Ave. N,16E Myrtle Beach Area--29th Ave N to 48th Ave N,Myrtle Beach,COMMERCIAL/INDUSTRIAL,,,,WITHDRAWN,10,Office,29577,912629,912629:0,912629,,WITHDRAWN
2126 E Highway 9 E,03A Longs to Little River Area--North of 9 between Waccamaw River & Rt. 57,Longs,COMMERCIAL/INDUSTRIAL,,,,WITHDRAWN,11,Commercial - Do Not Use,29568,1206877,1206877:0,1206877,,WITHDRAWN
Highway 378,21D Conway central between 501& 9th Ave / south of 501,Conway,COMMERCIAL/INDUSTRIAL,,,,WITHDRAWN,11,Industrial,29527,2407656,2407656:0,2407656,,WITHDRAWN
7050 Highway 90,15A Conway Area--East edge of Conway south of Old Reaves Ferry Rd.,Longs,COMMERCIAL/INDUSTRIAL,,,,WITHDRAWN,11,Commercial - Do Not Use,29568,729845,729845:0,729845,,WITHDRAWN
14361 Ocean Hwy.,42A Pawleys Island Area-Litchfield Mainland,Pawleys Island,COMMERCIAL/INDUSTRIAL,,,,WITHDRAWN,12,Commercial - Do Not Use,29585,1219320,1219320:0,1219320,,WITHDRAWN
1300 Second Ave.,21E Conway central--East edge of Conway / north & south of 501,Conway,COMMERCIAL/INDUSTRIAL,,,,WITHDRAWN,12,Office,29528,915800,915800:0,915800,,WITHDRAWN
1300 Second Ave.,21E Conway central--East edge of Conway / north & south of 501,Conway,COMMERCIAL/INDUSTRIAL,,,,WITHDRAWN,12,Office,29528,915798,915798:0,915798,,WITHDRAWN
1705 N Oak St.,16F Myrtle Beach Area--10th Ave N to 29th Ave N,Myrtle Beach,COMMERCIAL/INDUSTRIAL,,,,WITHDRAWN,12,Office,29577,1504821,1504821:0,1504821,,WITHDRAWN
1705 N Oak St.,16F Myrtle Beach Area--10th Ave N to 29th Ave N,Myrtle Beach,COMMERCIAL/INDUSTRIAL,,,,WITHDRAWN,12,Office,29577,1504823,1504823:0,1504823,,WITHDRAWN
671 Jamestown Dr.,28C Garden City Extension to merging of 17 Business & Bypass,Murrells Inlet,COMMERCIAL/INDUSTRIAL,,,,WITHDRAWN,12,Office,29576,823894,823894:0,823894,,WITHDRAWN
1705 N Oak St.,16F Myrtle Beach Area--10th Ave N to 29th Ave N,Myrtle Beach,COMMERCIAL/INDUSTRIAL,,,,WITHDRAWN,12,Office,29577,1504818,1504818:0,1504818,,WITHDRAWN
1901 N Kings Hwy.,16F Myrtle Beach Area--10th Ave N to 29th Ave N,Myrtle Beach,COMMERCIAL/INDUSTRIAL,,,,WITHDRAWN,12,Retail,29572,1521823,1521823:0,1521823,,WITHDRAWN
1705 N Oak St.,16F Myrtle Beach Area--10th Ave N to 29th Ave N,Myrtle Beach,COMMERCIAL/INDUSTRIAL,,,,WITHDRAWN,12,Office,29577,1504813,1504813:0,1504813,,WITHDRAWN
828 3rd Ave. S,29B Surfside Beach--East of 17 and south of Surfside Drive,Surfside Beach,COMMERCIAL/INDUSTRIAL,,,,WITHDRAWN,12,Commercial - Do Not Use,29575,902099,902099:0,902099,,WITHDRAWN
9600 N Kings Hwy.,16B Myrtle Beach Area--Arcadian,Myrtle Beach,COMMERCIAL/INDUSTRIAL,,,,WITHDRAWN,12,Office,29572,1306177,1306177:0,1306177,,WITHDRAWN
9600 N Kings Hwy.,16B Myrtle Beach Area--Arcadian,Myrtle Beach,COMMERCIAL/INDUSTRIAL,,,,WITHDRAWN,12,Retail,29572,1306181,1306181:0,1306181,,WITHDRAWN
931 Medical Circle,16C Myrtle Beach Area--79th Ave N to Dunes Cove,Myrtle Beach,COMMERCIAL/INDUSTRIAL,,,,WITHDRAWN,12,Office,29572,1115497,1115497:0,1115497,,WITHDRAWN
147 Professional Ln.,44A Pawleys Island  Mainland,Pawleys Island,COMMERCIAL/INDUSTRIAL,,,,WITHDRAWN,12,Retail,29585,1608927,1608927:0,1608927,,WITHDRAWN
4360 Augusta Rd.,31A Other counties in South Carolina,Lexington,COMMERCIAL/INDUSTRIAL,,,,WITHDRAWN,12,Retail,29073,2103766,2103766:0,2103766,,WITHDRAWN
1335 44th Ave. N,16E Myrtle Beach Area--29th Ave N to 48th Ave N,Myrtle Beach,COMMERCIAL/INDUSTRIAL,,,,WITHDRAWN,12,Commercial - Do Not Use,29577,1601236,1601236:0,1601236,,WITHDRAWN
1331 N 44th Ave. N,16E Myrtle Beach Area--29th Ave N to 48th Ave N,Myrtle Beach,COMMERCIAL/INDUSTRIAL,,,,WITHDRAWN,12,Office,29577,1408003,1408003:0,1408003,,WITHDRAWN
1335 44th Ave. N,16E Myrtle Beach Area--29th Ave N to 48th Ave N,Myrtle Beach,COMMERCIAL/INDUSTRIAL,,,,WITHDRAWN,12,Commercial - Do Not Use,29577,1113284,1113284:0,1113284,,WITHDRAWN
504 Yaupon Dr.,16G Myrtle Beach Area--Southern Limit to 10TH Ave N,Myrtle Beach,COMMERCIAL/INDUSTRIAL,,,,WITHDRAWN,12,Retail,29577,2208356,2208356:0,2208356,,WITHDRAWN
10023 Ocean Hwy.,44A Pawleys Island  Mainland,Pawleys Island,COMMERCIAL/INDUSTRIAL,,,,WITHDRAWN,13,Office,29585,1019878,1019878:0,1019878,,WITHDRAWN
113 Willbrook Blvd.,42A Pawleys Island Area-Litchfield Mainland,Pawleys Island,COMMERCIAL/INDUSTRIAL,,,,WITHDRAWN,14,Commercial - Do Not Use,29585,1011321,1011321:0,1011321,,WITHDRAWN
113 Willbrook Blvd.,42A Pawleys Island Area-Litchfield Mainland,Pawleys Island,COMMERCIAL/INDUSTRIAL,,,,WITHDRAWN,14,Commercial - Do Not Use,29585,1011320,1011320:0,1011320,,WITHDRAWN
139 Willbrook Blvd.,42A Pawleys Island Area-Litchfield Mainland,Pawleys Island,COMMERCIAL/INDUSTRIAL,,,,WITHDRAWN,14,Commercial - Do Not Use,29585,903916,903916:0,903916,,WITHDRAWN
113 Willbrook Blvd.,42A Pawleys Island Area-Litchfield Mainland,Pawleys Island,COMMERCIAL/INDUSTRIAL,,,,WITHDRAWN,14,Commercial - Do Not Use,29585,1011319,1011319:0,1011319,,WITHDRAWN
113 Willbrook Blvd.,42A Pawleys Island Area-Litchfield Mainland,Pawleys Island,COMMERCIAL/INDUSTRIAL,,,,WITHDRAWN,14,Commercial - Do Not Use,29585,1011318,1011318:0,1011318,,WITHDRAWN
113 Willbrook Blvd.,42A Pawleys Island Area-Litchfield Mainland,Pawleys Island,COMMERCIAL/INDUSTRIAL,,,,WITHDRAWN,14,Commercial - Do Not Use,29585,1007732,1007732:0,1007732,,WITHDRAWN
12066 Highway 17 Bypass,27B Murrells Inlet - Horry County,Murrells Inlet,COMMERCIAL/INDUSTRIAL,,,,WITHDRAWN,14,Retail,29576,2101739,2101739:0,2101739,,WITHDRAWN
9600 N Highway 17 North,16B Myrtle Beach Area--Arcadian,Myrtle Beach,COMMERCIAL/INDUSTRIAL,,,,WITHDRAWN,14,Office,29572,1608939,1608939:0,1608939,,WITHDRAWN
10607 Highway 707,26A Myrtle Beach Area--south of 544 & west of 17 bypass M.I. Horry County,Myrtle Beach,COMMERCIAL/INDUSTRIAL,,,,WITHDRAWN,14,Office,29588,1020027,1020027:0,1020027,,WITHDRAWN
9600 N Kings Hwy.,16B Myrtle Beach Area--Arcadian,Myrtle Beach,COMMERCIAL/INDUSTRIAL,,,,WITHDRAWN,14,Commercial - Do Not Use,29572,1306183,1306183:0,1306183,,WITHDRAWN
9600 N Kings Hwy.,16B Myrtle Beach Area--Arcadian,Myrtle Beach,COMMERCIAL/INDUSTRIAL,,,,WITHDRAWN,14,Office,29572,1608935,1608935:0,1608935,,WITHDRAWN
2787 Highway 378,21D Conway central between 501& 9th Ave / south of 501,Conway,COMMERCIAL/INDUSTRIAL,,,,WITHDRAWN,14,Industrial,29527,2407663,2407663:0,2407663,,WITHDRAWN
2787 Highway 378,21D Conway central between 501& 9th Ave / south of 501,Conway,COMMERCIAL/INDUSTRIAL,,,,WITHDRAWN,14,Industrial,29527,2511284,2511284:0,2511284,,WITHDRAWN
10023 Ocean Hwy.,44A Pawleys Island  Mainland,Pawleys Island,COMMERCIAL/INDUSTRIAL,,,,WITHDRAWN,14,Office,29585,1019879,1019879:0,1019879,,WITHDRAWN
710 Highway 17 South,11E North Myrtle Beach Area--Windy Hill,North Myrtle Beach,COMMERCIAL/INDUSTRIAL,,,,WITHDRAWN,14,Retail,29582,1713654,1713654:0,1713654,,WITHDRAWN
4593 Oleander Dr.,16E Myrtle Beach Area--29th Ave N to 48th Ave N,Myrtle Beach,COMMERCIAL/INDUSTRIAL,,,,WITHDRAWN,14,Office,29577,1817357,1817357:0,1817357,,WITHDRAWN
9600 N Kings Hwy.,16B Myrtle Beach Area--Arcadian,Myrtle Beach,COMMERCIAL/INDUSTRIAL,,,,WITHDRAWN,14,Office,29572,1608937,1608937:0,1608937,,WITHDRAWN
9600 N Kings Hwy.,16B Myrtle Beach Area--Arcadian,Myrtle Beach,COMMERCIAL/INDUSTRIAL,,,,WITHDRAWN,14,Office,29572,1608933,1608933:0,1608933,,WITHDRAWN
4720 Jenn Dr.,16E Myrtle Beach Area--29th Ave N to 48th Ave N,Myrtle Beach,COMMERCIAL/INDUSTRIAL,,,,WITHDRAWN,14,Office,29577,1209066,1209066:0,1209066,,WITHDRAWN
9600 N Kings Hwy.,16B Myrtle Beach Area--Arcadian,Myrtle Beach,COMMERCIAL/INDUSTRIAL,,,,WITHDRAWN,14,Office,29572,1608932,1608932:0,1608932,,WITHDRAWN
9600 N Kings Hwy.,16B Myrtle Beach Area--Arcadian,Myrtle Beach,COMMERCIAL/INDUSTRIAL,,,,WITHDRAWN,14,Office,29572,1608930,1608930:0,1608930,,WITHDRAWN
9600 N Kings Hwy.,16B Myrtle Beach Area--Arcadian,Myrtle Beach,COMMERCIAL/INDUSTRIAL,,,,WITHDRAWN,14,Office,29572,1608929,1608929:0,1608929,,WITHDRAWN
4765 Highway 17 Bypass,19A Myrtle Beach Area--Socastee,Myrtle Beach,COMMERCIAL/INDUSTRIAL,,,,WITHDRAWN,15,Retail,29577,1717227,1717227:0,1717227,,WITHDRAWN
121 Centermarsh Ln.,44A Pawleys Island  Mainland,Pawleys Island,COMMERCIAL/INDUSTRIAL,,,,WITHDRAWN,15,Retail,29585,1613269,1613269:0,1613269,,WITHDRAWN
24 Commerce Ln.,44A Pawleys Island  Mainland,Pawleys Island,COMMERCIAL/INDUSTRIAL,,,,WITHDRAWN,15,Retail,29585,1605877,1605877:0,1605877,,WITHDRAWN
2185 N Fraser St.,46A Georgetown Area--includes city of Georgetown,Georgetown,COMMERCIAL/INDUSTRIAL,,,,WITHDRAWN,15,Office,29440,2119647,2119647:0,2119647,,WITHDRAWN
4306 River Oaks Dr.,10B Myrtle Beach Area--Carolina Forest,Myrtle Beach,COMMERCIAL/INDUSTRIAL,,,,WITHDRAWN,16,Retail,29579,1611141,1611141:0,1611141,,WITHDRAWN
640 Morse Ave.,41A Pawleys Island Area-Litchfield Beaches,Murrells Inlet,COMMERCIAL/INDUSTRIAL,,,,WITHDRAWN,16,Commercial - Do Not Use,29576,1321492,1321492:0,1321492,,WITHDRAWN
4703 Oleander Dr.,16E Myrtle Beach Area--29th Ave N to 48th Ave N,Myrtle Beach,COMMERCIAL/INDUSTRIAL,,,,WITHDRAWN,16,Office,29577,1922790,1922790:0,1922790,,WITHDRAWN
2451 Highway 501,10A Conway to Myrtle Beach Area--between 90 & waterway Redhill/Grande Dunes,Conway,COMMERCIAL/INDUSTRIAL,,,,WITHDRAWN,17,Office,29526,2407885,2407885:0,2407885,,WITHDRAWN
235 Singleton Ridge Rd.,23A Conway Area--South of Conway between 501 & Wacc. River,Conway,COMMERCIAL/INDUSTRIAL,,,,WITHDRAWN,17,Office,29526,818992,818992:0,818992,,WITHDRAWN
4377 N Kings Hwy.,16E Myrtle Beach Area--29th Ave N to 48th Ave N,Myrtle Beach,COMMERCIAL/INDUSTRIAL,,,,WITHDRAWN,17,Retail,29577,1906868,1906868:0,1906868,,WITHDRAWN
137 Professional Ln.,44A Pawleys Island  Mainland,Pawleys Island,COMMERCIAL/INDUSTRIAL,,,,WITHDRAWN,17,Retail,29585,1609275,1609275:0,1609275,,WITHDRAWN
11405 Ocean Hwy.,44A Pawleys Island  Mainland,Pawleys Island,COMMERCIAL/INDUSTRIAL,,,,WITHDRAWN,17,Retail,29585,2112130,2112130:0,2112130,,WITHDRAWN
5046 Highway 17 Bypass,19A Myrtle Beach Area--Socastee,Myrtle Beach,COMMERCIAL/INDUSTRIAL,,,,WITHDRAWN,18,Commercial - Do Not Use,29577,1408213,1408213:0,1408213,,WITHDRAWN
Seaboard St.,16G Myrtle Beach Area--Southern Limit to 10TH Ave N,Myrtle Beach,LAND,,,,WITHDRAWN,18,Commercial Lot - Lease,29577,1218772,1218772:0,1218772,,WITHDRAWN
6613 N Kings Hwy.,16D Myrtle Beach Area--48th Ave N to 79th Ave N,Myrtle Beach,COMMERCIAL/INDUSTRIAL,,,,WITHDRAWN,18,Retail,29572,1515704,1515704:0,1515704,,WITHDRAWN
2686 North Kings Hwy.,16F Myrtle Beach Area--10th Ave N to 29th Ave N,Myrtle Beach,COMMERCIAL/INDUSTRIAL,,,,WITHDRAWN,18,Retail,29577,1522348,1522348:0,1522348,,WITHDRAWN
8203 Nigels Dr.,16C Myrtle Beach Area--79th Ave N to Dunes Cove,Myrtle Beach,COMMERCIAL/INDUSTRIAL,,,,WITHDRAWN,18,Office,29572,818659,818659:0,818659,,WITHDRAWN
8171 Rourk St.,16C Myrtle Beach Area--79th Ave N to Dunes Cove,Myrtle Beach,COMMERCIAL/INDUSTRIAL,,,,WITHDRAWN,18,Office,29572,1501492,1501492:0,1501492,,WITHDRAWN
11270 Ocean Hwy.,44A Pawleys Island  Mainland,Pawleys Island,COMMERCIAL/INDUSTRIAL,,,,WITHDRAWN,18,Retail,29585,1516779,1516779:0,1516779,,WITHDRAWN
3080 Highway 90,09A Conway to Longs Area--Between Rt. 90 & Waccamaw River,Conway,COMMERCIAL/INDUSTRIAL,,,,WITHDRAWN,18,Retail,29526,2111952,2111952:0,2111952,,WITHDRAWN
3816 Highway 17 South,16E Myrtle Beach Area--29th Ave N to 48th Ave N,North Myrtle Beach,COMMERCIAL/INDUSTRIAL,,,,WITHDRAWN,18,Office,29582,2224843,2224843:0,2224843,,WITHDRAWN
14490 Highway 17,41A Pawleys Island Area-Litchfield Beaches,Pawleys Island,COMMERCIAL/INDUSTRIAL,,,,WITHDRAWN,19,Office,29585,2222123,2222123:0,2222123,,WITHDRAWN
TBD Highway 17 Bypass,27B Murrells Inlet - Horry County,Murrells Inlet,COMMERCIAL/INDUSTRIAL,,,,WITHDRAWN,20,Retail,29576,2104443,2104443:0,2104443,,WITHDRAWN
4502 Highway 17 Bypass,19A Myrtle Beach Area--Socastee,Myrtle Beach,COMMERCIAL/INDUSTRIAL,,,,WITHDRAWN,20,Office,29588,2209887,2209887:0,2209887,,WITHDRAWN
210 Village Center Blvd.,10B Myrtle Beach Area--Carolina Forest,Myrtle Beach,COMMERCIAL/INDUSTRIAL,,,,WITHDRAWN,20,Office,29579,1701245,1701245:0,1701245,,WITHDRAWN
210 Village Center Blvd.,10B Myrtle Beach Area--Carolina Forest,Myrtle Beach,COMMERCIAL/INDUSTRIAL,,,,WITHDRAWN,20,Office,29579,1701244,1701244:0,1701244,,WITHDRAWN
210 Village Center Blvd.,10B Myrtle Beach Area--Carolina Forest,Myrtle Beach,COMMERCIAL/INDUSTRIAL,,,,WITHDRAWN,20,Office,29579,1315310,1315310:0,1315310,,WITHDRAWN
1144 Shine Ave.,16G Myrtle Beach Area--Southern Limit to 10TH Ave N,Myrtle Beach,COMMERCIAL/INDUSTRIAL,,,,WITHDRAWN,21,Office,29577,920391,920391:0,920391,,WITHDRAWN
10589 N Kings Hwy.,10C North Myrtle Beach Area--Barefoot Resort,North Myrtle Beach,COMMERCIAL/INDUSTRIAL,,,,WITHDRAWN,22,Retail,29582,1711534,1711534:0,1711534,,WITHDRAWN
11920 Highway 707,27B Murrells Inlet - Horry County,Murrells Inlet,COMMERCIAL/INDUSTRIAL,,,,WITHDRAWN,23,Retail,29576,1921651,1921651:0,1921651,,WITHDRAWN
1571 N Highway 17 Business,11F North Myrtle Beach Area--between Hwy 17 and waterway,North Myrtle Beach,COMMERCIAL/INDUSTRIAL,,,,WITHDRAWN,24,Retail,29582,1813134,1813134:0,1813134,,WITHDRAWN
TBD Wachesaw Rd.,40A Murrells Inlet - Georgetown County,Murrells Inlet,COMMERCIAL/INDUSTRIAL,,,,WITHDRAWN,25,Retail,29576,1611855,1611855:0,1611855,,WITHDRAWN
706-708 N Ocean Blvd.,16F Myrtle Beach Area--10th Ave N to 29th Ave N,Myrtle Beach,COMMERCIAL/INDUSTRIAL,,,,WITHDRAWN,25,Retail,29577,1117071,1117071:0,1117071,,WITHDRAWN
11405 Ocean Highway,44A Pawleys Island  Mainland,Pawleys Island,LAND,,,,WITHDRAWN,27,Commercial Lot - Lease,29585,2405632,2405632:0,2405632,,WITHDRAWN
3583 Highway 17 Bypass,40A Murrells Inlet - Georgetown County,Murrells Inlet,COMMERCIAL/INDUSTRIAL,,,,WITHDRAWN,36,Office,29576,2508065,2508065:0,2508065,,WITHDRAWN
3583 Highway 17 Bypass,40A Murrells Inlet - Georgetown County,Murrells Inlet,COMMERCIAL/INDUSTRIAL,,,,WITHDRAWN,37,Office,29576,2508071,2508071:0,2508071,,WITHDRAWN
4377 N Kings Hwy.,16E Myrtle Beach Area--29th Ave N to 48th Ave N,Myrtle Beach,COMMERCIAL/INDUSTRIAL,,,,WITHDRAWN,45,Office,29577,2525744,2525744:0,2525744,,WITHDRAWN
1297 Professional Dr.,16E Myrtle Beach Area--29th Ave N to 48th Ave N,Myrtle Beach,COMMERCIAL/INDUSTRIAL,,,,WITHDRAWN,165,Office,29577,2515218,2515218:0,2515218,,WITHDRAWN
1297 Professional Dr.,16E Myrtle Beach Area--29th Ave N to 48th Ave N,Myrtle Beach,COMMERCIAL/INDUSTRIAL,,,,WITHDRAWN,165,Office,29577,2505058,2505058:0,2505058,,WITHDRAWN
1297 Professional Dr.,16E Myrtle Beach Area--29th Ave N to 48th Ave N,Myrtle Beach,COMMERCIAL/INDUSTRIAL,,,,WITHDRAWN,165,Office,29577,2410823,2410823:0,2410823,,WITHDRAWN
1297 Professional Dr.,16E Myrtle Beach Area--29th Ave N to 48th Ave N,Myrtle Beach,COMMERCIAL/INDUSTRIAL,,,,WITHDRAWN,165,Office,29577,2112860,2112860:0,2112860,,WITHDRAWN
1297 Professional Dr.,16E Myrtle Beach Area--29th Ave N to 48th Ave N,Myrtle Beach,COMMERCIAL/INDUSTRIAL,,,,WITHDRAWN,165,Office,29577,2018810,2018810:0,2018810,,WITHDRAWN
1297 Professional Dr.,16E Myrtle Beach Area--29th Ave N to 48th Ave N,Myrtle Beach,COMMERCIAL/INDUSTRIAL,,,,WITHDRAWN,165,Office,29577,2301843,2301843:0,2301843,,WITHDRAWN
505 N Hazard St.,46A Georgetown Area--includes city of Georgetown,Georgetown,COMMERCIAL/INDUSTRIAL,,,,WITHDRAWN,199,Commercial - Do Not Use,29440,723386,723386:0,723386,,WITHDRAWN
813 Lakeside Dr.,47A Georgetown Area--Maryville/south of Gtown & east of 17,Georgetown,RENTAL,0,0,0,WITHDRAWN,200,Residential Lot,29440,1923659,1923659:0,1923659,,WITHDRAWN
270 Crescent Dr.,47A Georgetown Area--Maryville/south of Gtown & east of 17,Georgetown,LAND,,,,WITHDRAWN,225,Boat Slip - Lease,29440,2400792,2400792:0,2400792,,WITHDRAWN
4396 Baldwin Ave.,04B Little River Area--North of Hwy 9,Little River,LAND,,,,WITHDRAWN,240,Boat Slip - Sale,29566,1201199,1201199:0,1201199,,WITHDRAWN
1032 Highway 9 Business E,02A Loris Area--central includes city of Loris,Loris,COMMERCIAL/INDUSTRIAL,,,,WITHDRAWN,250,Office,29569,2000989,2000989:0,2000989,,WITHDRAWN
4673 Dick Pond Rd.,26B Myrtle Beach Area--north of Bay Rd between Wacc. River & 707,Myrtle Beach,COMMERCIAL/INDUSTRIAL,,,,WITHDRAWN,250,Retail,29588,1607121,1607121:0,1607121,,WITHDRAWN
4673 Dick Pond Rd.,26B Myrtle Beach Area--north of Bay Rd between Wacc. River & 707,Myrtle Beach,COMMERCIAL/INDUSTRIAL,,,,WITHDRAWN,250,Retail,29588,1607120,1607120:0,1607120,,WITHDRAWN
1500 Highway 17 Business,28A Surfside Area--Surfside Triangle 544 to Glenns Bay,Surfside Beach,COMMERCIAL/INDUSTRIAL,,,,WITHDRAWN,250,Office,29575,2005355,2005355:0,2005355,,WITHDRAWN
Slip 97 Friendfield Marina,47A Georgetown Area--Maryville/south of Gtown & east of 17,Georgetown,LAND,,,,WITHDRAWN,250,Boat Slip - Lease,29440,2517304,2517304:0,2517304,,WITHDRAWN
Spa Dr.,04B Little River Area--North of Hwy 9,Little River,COMMERCIAL/INDUSTRIAL,,,,WITHDRAWN,250,Office,29566,2222150,2222150:0,2222150,,WITHDRAWN
2411 N Oak St.,16F Myrtle Beach Area--10th Ave N to 29th Ave N,Myrtle Beach,COMMERCIAL/INDUSTRIAL,,,,WITHDRAWN,295,Office,29577,1808867,1808867:0,1808867,,WITHDRAWN
1032 E Highway 9 Business E,02A Loris Area--central includes city of Loris,Loris,COMMERCIAL/INDUSTRIAL,,,,WITHDRAWN,300,Office,29569,1815311,1815311:0,1815311,,WITHDRAWN
1119 Third Ave.,21E Conway central--East edge of Conway / north & south of 501,Conway,COMMERCIAL/INDUSTRIAL,,,,WITHDRAWN,300,Office,29526,1404279,1404279:0,1404279,,WITHDRAWN
2411 N Oak St.,16F Myrtle Beach Area--10th Ave N to 29th Ave N,Myrtle Beach,COMMERCIAL/INDUSTRIAL,,,,WITHDRAWN,300,Office,29577,1714586,1714586:0,1714586,,WITHDRAWN
2411 N Oak St.,16F Myrtle Beach Area--10th Ave N to 29th Ave N,Myrtle Beach,COMMERCIAL/INDUSTRIAL,,,,WITHDRAWN,300,Office,29577,1904692,1904692:0,1904692,,WITHDRAWN
5187 Horry Dr.,40A Murrells Inlet - Georgetown County,Murrells Inlet,COMMERCIAL/INDUSTRIAL,,,,WITHDRAWN,300,Office,29576,1502884,1502884:0,1502884,,WITHDRAWN
Slip 18 Friendfield Marina,47A Georgetown Area--Maryville/south of Gtown & east of 17,Georgetown,LAND,,,,WITHDRAWN,300,Boat Slip - Lease,29440,2525695,2525695:0,2525695,,WITHDRAWN
1297 Professional Dr.,16E Myrtle Beach Area--29th Ave N to 48th Ave N,Myrtle Beach,COMMERCIAL/INDUSTRIAL,,,,WITHDRAWN,300,Office,29577,2011155,2011155:0,2011155,,WITHDRAWN
2411 N Oak St.,16F Myrtle Beach Area--10th Ave N to 29th Ave N,Myrtle Beach,COMMERCIAL/INDUSTRIAL,,,,WITHDRAWN,310,Office,29577,2115880,2115880:0,2115880,,WITHDRAWN
5187 Horry Dr.,40A Murrells Inlet - Georgetown County,Murrells Inlet,COMMERCIAL/INDUSTRIAL,,,,WITHDRAWN,325,Office,29576,1314597,1314597:0,1314597,,WITHDRAWN
1297 Professional Dr.,16E Myrtle Beach Area--29th Ave N to 48th Ave N,Myrtle Beach,COMMERCIAL/INDUSTRIAL,,,,WITHDRAWN,325,Office,29577,1817462,1817462:0,1817462,,WITHDRAWN
1297 Professional Dr.,16E Myrtle Beach Area--29th Ave N to 48th Ave N,Myrtle Beach,COMMERCIAL/INDUSTRIAL,,,,WITHDRAWN,325,Office,29577,2014783,2014783:0,2014783,,WITHDRAWN
5187 Horry Dr.,40A Murrells Inlet - Georgetown County,Murrells Inlet,COMMERCIAL/INDUSTRIAL,,,,WITHDRAWN,335,Office,29576,1614350,1614350:0,1614350,,WITHDRAWN
1297 Professional Dr.,16E Myrtle Beach Area--29th Ave N to 48th Ave N,Myrtle Beach,COMMERCIAL/INDUSTRIAL,,,,WITHDRAWN,335,Office,29577,2205927,2205927:0,2205927,,WITHDRAWN
11661 Highway 707,26A Myrtle Beach Area--south of 544 & west of 17 bypass M.I. Horry County,Murrells Inlet,COMMERCIAL/INDUSTRIAL,,,,WITHDRAWN,350,Office,29576,1601764,1601764:0,1601764,,WITHDRAWN
3015 Drywall Dr.,19A Myrtle Beach Area--Socastee,Myrtle Beach,COMMERCIAL/INDUSTRIAL,,,,WITHDRAWN,350,Office,29577,1505419,1505419:0,1505419,,WITHDRAWN
2411 N Oak St.,16F Myrtle Beach Area--10th Ave N to 29th Ave N,Myrtle Beach,COMMERCIAL/INDUSTRIAL,,,,WITHDRAWN,350,Office,29577,2115877,2115877:0,2115877,,WITHDRAWN
2411 N Oak St.,16F Myrtle Beach Area--10th Ave N to 29th Ave N,Myrtle Beach,COMMERCIAL/INDUSTRIAL,,,,WITHDRAWN,350,Office,29577,2002585,2002585:0,2002585,,WITHDRAWN
1720 Mill Pond Rd.,21A Conway central between 501 & 701 / north of 501,Conway,COMMERCIAL/INDUSTRIAL,,,,WITHDRAWN,350,Office,29526,1101233,1101233:0,1101233,,WITHDRAWN
1603 Hwy 17 S,11C North Myrtle Beach Area--Crescent Beach,North Myrtle Beach,COMMERCIAL/INDUSTRIAL,,,,WITHDRAWN,350,Office,29582,2213102,2213102:0,2213102,,WITHDRAWN
1012 NW 16th Ave. N,29A Surfside Beach--East of 17 & north of Surfside Drive,Surfside Beach,COMMERCIAL/INDUSTRIAL,,,,WITHDRAWN,350,Office,29575,2022845,2022845:0,2022845,,WITHDRAWN
2120 Sea Mountain Hwy.,11A North Myrtle Beach Area--Cherry Grove,North Myrtle Beach,COMMERCIAL/INDUSTRIAL,,,,WITHDRAWN,350,Office,29582,1012512,1012512:0,1012512,,WITHDRAWN
289 Highway 90,04B Little River Area--North of Hwy 9,Little River,COMMERCIAL/INDUSTRIAL,,,,WITHDRAWN,350,Office,29566,1414289,1414289:0,1414289,,WITHDRAWN
1297 Professional Dr.,16E Myrtle Beach Area--29th Ave N to 48th Ave N,Myrtle Beach,COMMERCIAL/INDUSTRIAL,,,,WITHDRAWN,365,Office,29577,2214051,2214051:0,2214051,,WITHDRAWN
5187 Horry Dr.,40A Murrells Inlet - Georgetown County,Murrells Inlet,COMMERCIAL/INDUSTRIAL,,,,WITHDRAWN,375,Office,29576,1618614,1618614:0,1618614,,WITHDRAWN
1297 Professional Dr.,16E Myrtle Beach Area--29th Ave N to 48th Ave N,Myrtle Beach,COMMERCIAL/INDUSTRIAL,,,,WITHDRAWN,375,Office,29577,2118355,2118355:0,2118355,,WITHDRAWN
1012 NW 16th Ave.,28A Surfside Area--Surfside Triangle 544 to Glenns Bay,Surfside Beach,COMMERCIAL/INDUSTRIAL,,,,WITHDRAWN,375,Office,29575,2411638,2411638:0,2411638,,WITHDRAWN
1297 Professional Dr.,16E Myrtle Beach Area--29th Ave N to 48th Ave N,Myrtle Beach,COMMERCIAL/INDUSTRIAL,,,,WITHDRAWN,380,Office,29577,2322923,2322923:0,2322923,,WITHDRAWN
1297 Professional Dr.,16E Myrtle Beach Area--29th Ave N to 48th Ave N,Myrtle Beach,COMMERCIAL/INDUSTRIAL,,,,WITHDRAWN,385,Office,29577,2300044,2300044:0,2300044,,WITHDRAWN
1297 Professional Dr.,16E Myrtle Beach Area--29th Ave N to 48th Ave N,Myrtle Beach,COMMERCIAL/INDUSTRIAL,,,,WITHDRAWN,385,Office,29577,2322924,2322924:0,2322924,,WITHDRAWN
1297 Professional Dr.,16E Myrtle Beach Area--29th Ave N to 48th Ave N,Myrtle Beach,COMMERCIAL/INDUSTRIAL,,,,WITHDRAWN,385,Office,29577,2428332,2428332:0,2428332,,WITHDRAWN
1297 Professional Dr.,16E Myrtle Beach Area--29th Ave N to 48th Ave N,Myrtle Beach,COMMERCIAL/INDUSTRIAL,,,,WITHDRAWN,385,Office,29577,2127868,2127868:0,2127868,,WITHDRAWN
1297 Professional Dr.,16E Myrtle Beach Area--29th Ave N to 48th Ave N,Myrtle Beach,COMMERCIAL/INDUSTRIAL,,,,WITHDRAWN,390,Office,29577,2011148,2011148:0,2011148,,WITHDRAWN
2411 N Oak St.,16F Myrtle Beach Area--10th Ave N to 29th Ave N,Myrtle Beach,COMMERCIAL/INDUSTRIAL,,,,WITHDRAWN,395,Office,29577,2005251,2005251:0,2005251,,WITHDRAWN
1297 Professional Dr.,16E Myrtle Beach Area--29th Ave N to 48th Ave N,Myrtle Beach,COMMERCIAL/INDUSTRIAL,,,,WITHDRAWN,395,Office,29577,2602405,2602405:0,2602405,,WITHDRAWN
1297 Professional Dr.,16E Myrtle Beach Area--29th Ave N to 48th Ave N,Myrtle Beach,COMMERCIAL/INDUSTRIAL,,,,WITHDRAWN,395,Office,29577,2219893,2219893:0,2219893,,WITHDRAWN
1297 Professional Dr.,16E Myrtle Beach Area--29th Ave N to 48th Ave N,Myrtle Beach,COMMERCIAL/INDUSTRIAL,,,,WITHDRAWN,395,Office,29577,2400701,2400701:0,2400701,,WITHDRAWN
4673 Dick Pond Rd.,26B Myrtle Beach Area--north of Bay Rd between Wacc. River & 707,Myrtle Beach,COMMERCIAL/INDUSTRIAL,,,,WITHDRAWN,400,Retail,29588,1607118,1607118:0,1607118,,WITHDRAWN
4728 Northgate Blvd.,16G Myrtle Beach Area--Southern Limit to 10TH Ave N,Myrtle Beach,COMMERCIAL/INDUSTRIAL,,,,WITHDRAWN,400,Office,29577,1019299,1019299:0,1019299,,WITHDRAWN
11915 Plaza Dr.,27A Garden City Mainland & Pennisula,Murrells Inlet,COMMERCIAL/INDUSTRIAL,,,,WITHDRAWN,400,Office,29576,813603,813603:0,813603,,WITHDRAWN
3700 Palmetto Pointe Blvd.,19A Myrtle Beach Area--Socastee,Myrtle Beach,COMMERCIAL/INDUSTRIAL,,,,WITHDRAWN,400,Office,29588,1616386,1616386:0,1616386,,WITHDRAWN
5276 S Hwy 17 S,40A Murrells Inlet - Georgetown County,Murrells Inlet,COMMERCIAL/INDUSTRIAL,,,,WITHDRAWN,400,Commercial - Do Not Use,29576,1809822,1809822:0,1809822,,WITHDRAWN
5276 S Hwy 17 S,40A Murrells Inlet - Georgetown County,Murrells Inlet,COMMERCIAL/INDUSTRIAL,,,,WITHDRAWN,400,Commercial - Do Not Use,29576,1809820,1809820:0,1809820,,WITHDRAWN
1297 Professional Dr.,16E Myrtle Beach Area--29th Ave N to 48th Ave N,Myrtle Beach,COMMERCIAL/INDUSTRIAL,,,,WITHDRAWN,410,Office,29577,2214047,2214047:0,2214047,,WITHDRAWN
14363 Ocean Hwy.,42A Pawleys Island Area-Litchfield Mainland,Pawleys Island,COMMERCIAL/INDUSTRIAL,,,,WITHDRAWN,416,Retail,29585,1407548,1407548:0,1407548,,WITHDRAWN
555 Rainbow Dr.,27A Garden City Mainland & Pennisula,Garden City Beach,COMMERCIAL/INDUSTRIAL,,,,WITHDRAWN,425,Commercial - Do Not Use,29576,1201395,1201395:0,1201395,,WITHDRAWN
2411 N Oak St.,16F Myrtle Beach Area--10th Ave N to 29th Ave N,Myrtle Beach,COMMERCIAL/INDUSTRIAL,,,,WITHDRAWN,425,Office,29577,2102145,2102145:0,2102145,,WITHDRAWN
2411 N Oak St.,16F Myrtle Beach Area--10th Ave N to 29th Ave N,Myrtle Beach,COMMERCIAL/INDUSTRIAL,,,,WITHDRAWN,425,Office,29577,2306494,2306494:0,2306494,,WITHDRAWN
4644 Katie Lynn Ct.,40A Murrells Inlet - Georgetown County,Murrells Inlet,LAND,,,,WITHDRAWN,425,Commercial Lot - Lease,29576,2019159,2019159:0,2019159,,WITHDRAWN
1297 Professional Dr.,16E Myrtle Beach Area--29th Ave N to 48th Ave N,Myrtle Beach,COMMERCIAL/INDUSTRIAL,,,,WITHDRAWN,425,Office,29577,2428033,2428033:0,2428033,,WITHDRAWN
503 Robert M Grissom Pkwy.,16G Myrtle Beach Area--Southern Limit to 10TH Ave N,Myrtle Beach,COMMERCIAL/INDUSTRIAL,,,,WITHDRAWN,432,Commercial - Do Not Use,29577,1211036,1211036:0,1211036,,WITHDRAWN
2411 N Oak St.,16F Myrtle Beach Area--10th Ave N to 29th Ave N,Myrtle Beach,COMMERCIAL/INDUSTRIAL,,,,WITHDRAWN,435,Office,29577,1810040,1810040:0,1810040,,WITHDRAWN
7400 N Kings Hwy.,16C Myrtle Beach Area--79th Ave N to Dunes Cove,Myrtle Beach,COMMERCIAL/INDUSTRIAL,,,,WITHDRAWN,437,Office,29572,1602935,1602935:0,1602935,,WITHDRAWN
2411 N Oak St.,16F Myrtle Beach Area--10th Ave N to 29th Ave N,Myrtle Beach,COMMERCIAL/INDUSTRIAL,,,,WITHDRAWN,440,Office,29577,1921975,1921975:0,1921975,,WITHDRAWN
2411 N Oak St.,16F Myrtle Beach Area--10th Ave N to 29th Ave N,Myrtle Beach,COMMERCIAL/INDUSTRIAL,,,,WITHDRAWN,445,Office,29577,1908061,1908061:0,1908061,,WITHDRAWN
Slip #2 Mariners Pointe,04B Little River Area--North of Hwy 9,Little River,LAND,,,,WITHDRAWN,450,Boat Slip - Lease,29566,2403114,2403114:0,2403114,,WITHDRAWN
2411 N Oak St.,16F Myrtle Beach Area--10th Ave N to 29th Ave N,Myrtle Beach,COMMERCIAL/INDUSTRIAL,,,,WITHDRAWN,450,Office,29577,2002587,2002587:0,2002587,,WITHDRAWN
2411 N Oak St.,16F Myrtle Beach Area--10th Ave N to 29th Ave N,Myrtle Beach,COMMERCIAL/INDUSTRIAL,,,,WITHDRAWN,450,Office,29577,2524315,2524315:0,2524315,,WITHDRAWN
2411 N Oak St.,16F Myrtle Beach Area--10th Ave N to 29th Ave N,Myrtle Beach,COMMERCIAL/INDUSTRIAL,,,,WITHDRAWN,450,Office,29577,1922171,1922171:0,1922171,,WITHDRAWN
2411 N Oak St.,16F Myrtle Beach Area--10th Ave N to 29th Ave N,Myrtle Beach,COMMERCIAL/INDUSTRIAL,,,,WITHDRAWN,450,Office,29577,2304481,2304481:0,2304481,,WITHDRAWN
2411 N Oak St.,16F Myrtle Beach Area--10th Ave N to 29th Ave N,Myrtle Beach,COMMERCIAL/INDUSTRIAL,,,,WITHDRAWN,450,Office,29577,2306491,2306491:0,2306491,,WITHDRAWN
2411 N Oak St.,16F Myrtle Beach Area--10th Ave N to 29th Ave N,Myrtle Beach,COMMERCIAL/INDUSTRIAL,,,,WITHDRAWN,450,Office,29577,1922167,1922167:0,1922167,,WITHDRAWN
17 Hwy 17 S,29B Surfside Beach--East of 17 and south of Surfside Drive,Surfside Beach,COMMERCIAL/INDUSTRIAL,,,,WITHDRAWN,450,Office,29575,2316674,2316674:0,2316674,,WITHDRAWN
17-C Highway 17 Business South,29B Surfside Beach--East of 17 and south of Surfside Drive,Surfside Beach,COMMERCIAL/INDUSTRIAL,,,,WITHDRAWN,450,Office,29575,2223222,2223222:0,2223222,,WITHDRAWN
1087 Redi Mix Rd.,04A Little River Area--South of Hwy 9,Little River,COMMERCIAL/INDUSTRIAL,,,,WITHDRAWN,450,Office,29566,1319504,1319504:0,1319504,,WITHDRAWN
100 Sutter Dr.,28A Surfside Area--Surfside Triangle 544 to Glenns Bay,Surfside Beach,COMMERCIAL/INDUSTRIAL,,,,WITHDRAWN,450,Office,29575,2314226,2314226:0,2314226,,WITHDRAWN
2325 Old Sanders Dr.,04A Little River Area--South of Hwy 9,Little River,COMMERCIAL/INDUSTRIAL,,,,WITHDRAWN,450,Industrial,29566,1816076,1816076:0,1816076,,WITHDRAWN
1203 Highway 501,10A Conway to Myrtle Beach Area--between 90 & waterway Redhill/Grande Dunes,Conway,COMMERCIAL/INDUSTRIAL,,,,WITHDRAWN,450,Retail,29526,1924378,1924378:0,1924378,,WITHDRAWN
4390 Spa Dr.,04B Little River Area--North of Hwy 9,Little River,COMMERCIAL/INDUSTRIAL,,,,WITHDRAWN,450,Office,29566,1211398,1211398:0,1211398,,WITHDRAWN
9708 N Kings Hwy.,16B Myrtle Beach Area--Arcadian,Myrtle Beach,COMMERCIAL/INDUSTRIAL,,,,WITHDRAWN,450,Office,29572,2200964,2200964:0,2200964,,WITHDRAWN
2411 N Oak St.,16F Myrtle Beach Area--10th Ave N to 29th Ave N,Myrtle Beach,COMMERCIAL/INDUSTRIAL,,,,WITHDRAWN,460,Office,29577,2009873,2009873:0,2009873,,WITHDRAWN
2411 N Oak St.,16F Myrtle Beach Area--10th Ave N to 29th Ave N,Myrtle Beach,COMMERCIAL/INDUSTRIAL,,,,WITHDRAWN,460,Office,29577,1819266,1819266:0,1819266,,WITHDRAWN
2411 N Oak St.,16F Myrtle Beach Area--10th Ave N to 29th Ave N,Myrtle Beach,COMMERCIAL/INDUSTRIAL,,,,WITHDRAWN,465,Office,29577,1714589,1714589:0,1714589,,WITHDRAWN
1087 REDI MIX RD.,04B Little River Area--North of Hwy 9,Little River,COMMERCIAL/INDUSTRIAL,,,,WITHDRAWN,475,Office,29566,814812,814812:0,814812,,WITHDRAWN
11772 Highway 17 Bypass,27B Murrells Inlet - Horry County,Murrells Inlet,COMMERCIAL/INDUSTRIAL,,,,WITHDRAWN,475,Commercial - Do Not Use,29576,1217290,1217290:0,1217290,,WITHDRAWN
2411 N Oak St.,16F Myrtle Beach Area--10th Ave N to 29th Ave N,Myrtle Beach,COMMERCIAL/INDUSTRIAL,,,,WITHDRAWN,480,Office,29577,1824736,1824736:0,1824736,,WITHDRAWN
2411 N Oak St.,16F Myrtle Beach Area--10th Ave N to 29th Ave N,Myrtle Beach,COMMERCIAL/INDUSTRIAL,,,,WITHDRAWN,485,Office,29577,2126210,2126210:0,2126210,,WITHDRAWN
2411 N Oak St.,16F Myrtle Beach Area--10th Ave N to 29th Ave N,Myrtle Beach,COMMERCIAL/INDUSTRIAL,,,,WITHDRAWN,485,Office,29577,1904704,1904704:0,1904704,,WITHDRAWN
2411 N Oak St.,16F Myrtle Beach Area--10th Ave N to 29th Ave N,Myrtle Beach,COMMERCIAL/INDUSTRIAL,,,,WITHDRAWN,485,Office,29577,1904699,1904699:0,1904699,,WITHDRAWN
2411 N Oak St.,16F Myrtle Beach Area--10th Ave N to 29th Ave N,Myrtle Beach,COMMERCIAL/INDUSTRIAL,,,,WITHDRAWN,495,Office,29577,2214415,2214415:0,2214415,,WITHDRAWN
2411 N Oak St.,16F Myrtle Beach Area--10th Ave N to 29th Ave N,Myrtle Beach,COMMERCIAL/INDUSTRIAL,,,,WITHDRAWN,495,Office,29577,2507058,2507058:0,2507058,,WITHDRAWN
1297 Professional Dr.,16E Myrtle Beach Area--29th Ave N to 48th Ave N,Myrtle Beach,COMMERCIAL/INDUSTRIAL,,,,WITHDRAWN,495,Office,29577,1924083,1924083:0,1924083,,WITHDRAWN
1297 Professional Dr.,16E Myrtle Beach Area--29th Ave N to 48th Ave N,Myrtle Beach,COMMERCIAL/INDUSTRIAL,,,,WITHDRAWN,495,Office,29577,1910906,1910906:0,1910906,,WITHDRAWN
7400 N Kings Hwy.,16C Myrtle Beach Area--79th Ave N to Dunes Cove,Myrtle Beach,COMMERCIAL/INDUSTRIAL,,,,WITHDRAWN,496,Office,29572,1602787,1602787:0,1602787,,WITHDRAWN
1825 Lone Star St.,10A Conway to Myrtle Beach Area--between 90 & waterway Redhill/Grande Dunes,Conway,COMMERCIAL/INDUSTRIAL,,,,WITHDRAWN,500,Commercial - Do Not Use,29526,1522352,1522352:0,1522352,,WITHDRAWN
1825 Lone Star St.,10A Conway to Myrtle Beach Area--between 90 & waterway Redhill/Grande Dunes,Conway,COMMERCIAL/INDUSTRIAL,,,,WITHDRAWN,500,Commercial - Do Not Use,29526,1522336,1522336:0,1522336,,WITHDRAWN
1825 Lone Star St.,10A Conway to Myrtle Beach Area--between 90 & waterway Redhill/Grande Dunes,Conway,COMMERCIAL/INDUSTRIAL,,,,WITHDRAWN,500,Commercial - Do Not Use,29526,1508374,1508374:0,1508374,,WITHDRAWN
1698 Destiny Ln.,23A Conway Area--South of Conway between 501 & Wacc. River,Conway,RENTAL,1,0,0,WITHDRAWN,500,Detached,29526,2018450,2018450:0,2018450,,WITHDRAWN
TBD Highway 9 Bypass,02A Loris Area--central includes city of Loris,Loris,LAND,,,,WITHDRAWN,500,Acreage,29569,814583,814583:0,814583,,WITHDRAWN
1087 Redi Mix Rd.,04B Little River Area--North of Hwy 9,Little River,COMMERCIAL/INDUSTRIAL,,,,WITHDRAWN,500,Office,29566,905355,905355:0,905355,,WITHDRAWN
1000 2nd Ave. S,11F North Myrtle Beach Area--between Hwy 17 and waterway,North Myrtle Beach,COMMERCIAL/INDUSTRIAL,,,,WITHDRAWN,500,Office,29582,2108154,2108154:0,2108154,,WITHDRAWN
2411 N Oak St.,16F Myrtle Beach Area--10th Ave N to 29th Ave N,Myrtle Beach,COMMERCIAL/INDUSTRIAL,,,,WITHDRAWN,500,Office,29577,2315888,2315888:0,2315888,,WITHDRAWN
811 8th Ave. S,29B Surfside Beach--East of 17 and south of Surfside Drive,Surfside Beach,COMMERCIAL/INDUSTRIAL,,,,WITHDRAWN,500,Commercial - Do Not Use,29575,1114916,1114916:0,1114916,,WITHDRAWN
2411 N Oak St.,16F Myrtle Beach Area--10th Ave N to 29th Ave N,Myrtle Beach,COMMERCIAL/INDUSTRIAL,,,,WITHDRAWN,500,Office,29577,2315921,2315921:0,2315921,,WITHDRAWN
2411 N Oak St.,16F Myrtle Beach Area--10th Ave N to 29th Ave N,Myrtle Beach,COMMERCIAL/INDUSTRIAL,,,,WITHDRAWN,500,Office,29577,2126206,2126206:0,2126206,,WITHDRAWN
2325 Old Sanders Dr.,04A Little River Area--South of Hwy 9,Little River,COMMERCIAL/INDUSTRIAL,,,,WITHDRAWN,500,Industrial,29566,1816077,1816077:0,1816077,,WITHDRAWN
5276 S Hwy 17 S,40A Murrells Inlet - Georgetown County,Murrells Inlet,COMMERCIAL/INDUSTRIAL,,,,WITHDRAWN,500,Commercial - Do Not Use,29576,1809818,1809818:0,1809818,,WITHDRAWN
270 Crescent Dr.,47A Georgetown Area--Maryville/south of Gtown & east of 17,Georgetown,LAND,,,,WITHDRAWN,500,Boat Slip - Lease,29440,2304964,2304964:0,2304964,,WITHDRAWN
1203 Highway 501 Business,15B Conway Area--East edge of Conway north of Old Reaves Ferry Rd.,Conway,COMMERCIAL/INDUSTRIAL,,,,WITHDRAWN,500,Commercial - Do Not Use,29526,1014550,1014550:0,1014550,,WITHDRAWN
1200  N Kings Hwy.,16F Myrtle Beach Area--10th Ave N to 29th Ave N,Myrtle Beach,COMMERCIAL/INDUSTRIAL,,,,WITHDRAWN,500,Office,29577,910557,910557:0,910557,,WITHDRAWN
291-C East Foxfire Plaza,03B Loris to Longs Area--North of 9 between Loris & Longs,Little River,COMMERCIAL/INDUSTRIAL,,,,WITHDRAWN,500,Office,29566,917047,917047:0,917047,,WITHDRAWN
1200  N Kings Hwy.,16F Myrtle Beach Area--10th Ave N to 29th Ave N,Myrtle Beach,COMMERCIAL/INDUSTRIAL,,,,WITHDRAWN,500,Office,29577,910534,910534:0,910534,,WITHDRAWN
2411 N Oak St.,16F Myrtle Beach Area--10th Ave N to 29th Ave N,Myrtle Beach,COMMERCIAL/INDUSTRIAL,,,,WITHDRAWN,525,Office,29577,2315905,2315905:0,2315905,,WITHDRAWN
2411 N Oak St.,16F Myrtle Beach Area--10th Ave N to 29th Ave N,Myrtle Beach,COMMERCIAL/INDUSTRIAL,,,,WITHDRAWN,525,Office,29577,2315913,2315913:0,2315913,,WITHDRAWN
2411 N Oak St.,16F Myrtle Beach Area--10th Ave N to 29th Ave N,Myrtle Beach,COMMERCIAL/INDUSTRIAL,,,,WITHDRAWN,525,Office,29577,1726212,1726212:0,1726212,,WITHDRAWN
2411 N Oak St.,16F Myrtle Beach Area--10th Ave N to 29th Ave N,Myrtle Beach,COMMERCIAL/INDUSTRIAL,,,,WITHDRAWN,525,Office,29577,2421712,2421712:0,2421712,,WITHDRAWN
2411 N Oak St.,16F Myrtle Beach Area--10th Ave N to 29th Ave N,Myrtle Beach,COMMERCIAL/INDUSTRIAL,,,,WITHDRAWN,525,Office,29577,2416075,2416075:0,2416075,,WITHDRAWN
2411 N Oak St.,16F Myrtle Beach Area--10th Ave N to 29th Ave N,Myrtle Beach,COMMERCIAL/INDUSTRIAL,,,,WITHDRAWN,525,Office,29577,2410825,2410825:0,2410825,,WITHDRAWN
1297 Professional Dr.,16E Myrtle Beach Area--29th Ave N to 48th Ave N,Myrtle Beach,COMMERCIAL/INDUSTRIAL,,,,WITHDRAWN,525,Office,29577,2125021,2125021:0,2125021,,WITHDRAWN
1297 Professional Dr.,16E Myrtle Beach Area--29th Ave N to 48th Ave N,Myrtle Beach,COMMERCIAL/INDUSTRIAL,,,,WITHDRAWN,525,Office,29577,2021607,2021607:0,2021607,,WITHDRAWN
2411 N Oak St.,16F Myrtle Beach Area--10th Ave N to 29th Ave N,Myrtle Beach,COMMERCIAL/INDUSTRIAL,,,,WITHDRAWN,530,Office,29577,1808853,1808853:0,1808853,,WITHDRAWN
119 Beaver Creek Ct.,23A Conway Area--South of Conway between 501 & Wacc. River,Conway,RENTAL,1,1,0,WITHDRAWN,535,Detached,29526,1905872,1905872:0,1905872,,WITHDRAWN
